#,Record type,Name,Register Offset,Register width,Start bit,End bit,Reset value,SW access,Register Type,Clearing mode,Description,Array Size,Spacing
1,Register,AVS_FSM_RESET,0x0,32,,,0,RW,,,AVS FSM Reset Register,,
2,Field,AVS_FSM_RESET_N,,,0,0,0,RW,,,Reset_n for AVS Controller FSM. When set to 0 the AVS controller will reset its internal state and all FIFOs. This is a synchronous reset so it will take effect on the next clock cycle.,,
3,Field,Reserved0,,,1,31,0,,,,Reserved,,
4,Register,AVS_CTRL,0x4,32,,,0,WO,,,AVS Control Register,,
5,Field,READ_NEXT,,,0,0,0,WO,,,Pop the current entry of the readback FIFO.,,
6,Field,Reserved0,,,1,3,0,,,,Reserved,,
7,Field,ABORT_CUR,,,4,4,0,WO,,,Write 1 to this register to abort the current AVS transaction. If you are transitioning to a new transaction either from idle or the end of another transaction the new transaction will also be aborted.,,
8,Field,Reserved1,,,5,7,0,,,,Reserved,,
9,Field,ABORT_FLUSH,,,8,8,0,WO,,,Write 1 to this register to abort the current AVS transaction & flush the command FIFO. If you are transitioning to a new transaction either from idle or the end of another transaction this new transaction will also be aborted.,,
10,Field,Reserved2,,,9,31,0,,,,Reserved,,
11,Register,AVS_CMD,0x8,32,,,0,WO,,,The command+data to be transferred to the AVS bus,,
12,Field,CMD_DATA,,,0,15,0,WO,,,Write Cmd Data. Various formats based on cmd_code.,,
13,Field,SELECT,,,16,19,0,WO,,,For Read and Write frames acts as Rail Select. For Commit frames acts as Mode Select.,,
14,Field,CMD_DATA_TYPE,,,20,23,0,WO,,,Command Data Type. Various types including voltage transition rate current temperature etc.,,
15,Field,CMD_GROUP,,,24,24,0,WO,,,Command group: Set to 1 for manufacturer-specific Command Code otherwise 0.,,
16,Field,Reserved0,,,25,25,0,,,,Reserved,,
17,Field,CMD,,,26,27,0,WO,,,Command type: 0x0-Commit Write 0x1-Hold Write 0x2-Commit 0x3-Read.,,
18,Field,TARGET_ADDR,,,28,31,0,WO,,,Selector field to differentiate between target devices. If 0b1111 broadcast to all addresses.,,
19,RegisterArray,AVS_READBACK,0xc,32,,,0,RO,,,Response data from AVS target device. Reading does not advance FIFO pointer.,15,1
20,Field,CMD_DATA,,,0,15,0,RO,,,Read Cmd Data. Format depends on cmd_code in previous controller subframe.,,
21,Field,STATUS_RESPONSE,,,16,20,0,RO,,,5-bit field indicating general condition of the target per AVS spec StatusResponse field.,,
22,Field,Reserved0,,,21,23,0,,,,Reserved,,
23,Field,TARGET_ACK,,,24,25,0,RO,,,Indicates whether command executed or not. Codes 0b01 and 0b10 trigger automatic retries by hardware.,,
24,Field,Reserved1,,,26,31,0,,,,Reserved,,
25,Register,AVS_TARGET_ACKS,0x48,32,,,0,RO,,,Target acks from top of readback FIFO,,
26,Field,TARGET_0_ACK,,,0,1,0,RO,,,Target 0 ack.,,
27,Field,TARGET_1_ACK,,,2,3,0,RO,,,Target 1 ack.,,
28,Field,TARGET_2_ACK,,,4,5,0,RO,,,Target 2 ack.,,
29,Field,TARGET_3_ACK,,,6,7,0,RO,,,Target 3 ack.,,
30,Field,TARGET_4_ACK,,,8,9,0,RO,,,Target 4 ack.,,
31,Field,TARGET_5_ACK,,,10,11,0,RO,,,Target 5 ack.,,
32,Field,TARGET_6_ACK,,,12,13,0,RO,,,Target 6 ack.,,
33,Field,TARGET_7_ACK,,,14,15,0,RO,,,Target 7 ack.,,
34,Field,TARGET_8_ACK,,,16,17,0,RO,,,Target 8 ack.,,
35,Field,TARGET_9_ACK,,,18,19,0,RO,,,Target 9 ack.,,
36,Field,TARGET_10_ACK,,,20,21,0,RO,,,Target 10 ack.,,
37,Field,TARGET_11_ACK,,,22,23,0,RO,,,Target 11 ack.,,
38,Field,TARGET_12_ACK,,,24,25,0,RO,,,Target 12 ack.,,
39,Field,TARGET_13_ACK,,,26,27,0,RO,,,Target 13 ack.,,
40,Field,TARGET_14_ACK,,,28,29,0,RO,,,Target 14 ack.,,
41,Field,Reserved0,,,30,31,0,,,,Reserved,,
42,RegisterArray,AVS_LATEST_TARGET_SUBFRAME,0x4c,32,,,0,RO,,,Most recently received subframe from AVS target bypassing readback FIFO.,15,1
43,Field,CMD_DATA,,,0,15,0,RO,,,Read Cmd Data. Format depends on cmd_code in previous controller subframe.,,
44,Field,STATUS_RESPONSE,,,16,20,0,RO,,,5-bit field indicating general condition of the target per AVS spec StatusResponse field.,,
45,Field,Reserved0,,,21,23,0,,,,Reserved,,
46,Field,TARGET_ACK,,,24,25,0,RO,,,Indicates whether command executed or not. Codes 0b01 and 0b10 trigger automatic retries by hardware.,,
47,Field,Reserved1,,,26,31,0,,,,Reserved,,
48,Register,AVS_LATEST_TARGET_ACKS,0x88,32,,,0,RO,,,Target acks from bottom of readback FIFO,,
49,Field,TARGET_0_ACK,,,0,1,0,RO,,,Target 0 ack.,,
50,Field,TARGET_1_ACK,,,2,3,0,RO,,,Target 1 ack.,,
51,Field,TARGET_2_ACK,,,4,5,0,RO,,,Target 2 ack.,,
52,Field,TARGET_3_ACK,,,6,7,0,RO,,,Target 3 ack.,,
53,Field,TARGET_4_ACK,,,8,9,0,RO,,,Target 4 ack.,,
54,Field,TARGET_5_ACK,,,10,11,0,RO,,,Target 5 ack.,,
55,Field,TARGET_6_ACK,,,12,13,0,RO,,,Target 6 ack.,,
56,Field,TARGET_7_ACK,,,14,15,0,RO,,,Target 7 ack.,,
57,Field,TARGET_8_ACK,,,16,17,0,RO,,,Target 8 ack.,,
58,Field,TARGET_9_ACK,,,18,19,0,RO,,,Target 9 ack.,,
59,Field,TARGET_10_ACK,,,20,21,0,RO,,,Target 10 ack.,,
60,Field,TARGET_11_ACK,,,22,23,0,RO,,,Target 11 ack.,,
61,Field,TARGET_12_ACK,,,24,25,0,RO,,,Target 12 ack.,,
62,Field,TARGET_13_ACK,,,26,27,0,RO,,,Target 13 ack.,,
63,Field,TARGET_14_ACK,,,28,29,0,RO,,,Target 14 ack.,,
64,Field,Reserved0,,,30,31,0,,,,Reserved,,
65,Register,AVS_NORMAL_STATUS,0x8c,32,,,0,RO,,,AVS Normal Status Register,,
66,Field,CMD_FIFO_EMPTY,,,0,0,0,RO,,,Indicates AVS_CMD fifo is empty.,,
67,Field,Reserved0,,,1,3,0,,,,Reserved,,
68,Field,CMD_FIFO_FULL,,,4,4,0,RO,,,Indicates AVS_CMD fifo is full. Any additional APB writes to AVS_CMD will be dropped.,,
69,Field,Reserved1,,,5,7,0,,,,Reserved,,
70,Field,READBACK_FIFO_FULL,,,8,8,0,RO,,,Indicates read-back fifo is full. No new AVS commands will be launched.,,
71,Field,Reserved2,,,9,11,0,,,,Reserved,,
72,Field,READBACK_HAS_DATA,,,12,12,0,RO,,,Indicates AVS_READBACK register has data ready to read on APB.,,
73,Field,Reserved3,,,13,15,0,,,,Reserved,,
74,Field,AVS_BUS_IS_IDLE,,,16,16,0,RO,,,Indicates that neither AVS controller nor any targets are driving a transaction on the AVS bus.,,
75,Field,Reserved4,,,17,31,0,,,,Reserved,,
76,Register,AVS_CONTROLLER_STATUS,0x90,32,,,0,RO,,,Various Status bits indicating operating conditions of Controller side.,,
77,Field,AVS_CONTROLLER_IS_RETRYING,,,0,0,0,RO,,,Controller is currently in the middle of retrying a failed command.,,
78,Field,Reserved0,,,1,3,0,,,,Reserved,,
79,Field,AVS_CONTROLLER_IS_ABORTING,,,4,4,0,RO,,,Controller is currently in the middle of aborting a command.,,
80,Field,Reserved1,,,5,31,0,,,,Reserved,,
81,Register,AVS_TOTAL_RETRIES,0x94,32,,,0,RO,,,Total Retries Register,,
82,Field,TOTAL_RETRIES,,,0,31,0,RO,,,Total number of retries attempted by the AVS Controller.,,
83,Register,AVS_FIFOS_STATUS,0x98,32,,,0,RO,,,Number of occupied and vacant slots in command and readback FIFOs,,
84,Field,CMD_FIFO_OCCUPIED_SLOTS,,,0,3,0,RO,,,Number of occupied slots in the command FIFO.,,
85,Field,Reserved0,,,4,7,0,,,,Reserved,,
86,Field,CMD_FIFO_VACANT_SLOTS,,,8,11,0,RO,,,Number of vacant slots in the command FIFO.,,
87,Field,Reserved1,,,12,15,0,,,,Reserved,,
88,Field,READBACK_FIFO_OCCUPIED_SLOTS,,,16,19,0,RO,,,Number of occupied slots in the readback FIFO.,,
89,Field,Reserved2,,,20,23,0,,,,Reserved,,
90,Field,READBACK_FIFO_VACANT_SLOTS,,,24,27,0,RO,,,Number of vacant slots in the readback FIFO.,,
91,Field,Reserved3,,,28,31,0,,,,Reserved,,
92,Register,AVS_INTERRUPT,0x9c,32,,,0,RW,,W1C,Interrupt register. Write 1 to clear.,,
93,Field,AVS_TARGET_ISSUED_INTERRUPT,,,0,0,0,RW,,W1C,Indicates an AVS target has signaled an interrupt.,,
94,Field,CMD_FIFO_FULL_INT,,,1,1,0,RW,,W1C,Indicates the command fifo is full. Any additional APB writes will be dropped.,,
95,Field,READBACK_FIFO_FULL_INT,,,2,2,0,RW,,W1C,Indicates the readback FIFO is full. No new command will be launched.,,
96,Field,READBACK_HAS_DATA_INT,,,3,3,0,RW,,W1C,Indicates the AVS_READBACK register has data ready to be read.,,
97,Field,TARGET_UNRESPONSIVE_BAD_FRAME_INT,,,4,4,0,RW,,W1C,Indicates the AVS Target device is not responding or has framing error.,,
98,Field,MAX_RETRIES_ATTEMPTED_INT,,,5,5,0,RW,,W1C,Indicates Controller failed to receive non-failure ack after max retries.,,
99,Field,CMD_FIFO_OVERFLOW_INT,,,6,6,0,RW,,W1C,Indicates APB write to AVS_CMD attempted when command fifo was full.,,
100,Field,TARGET_BAD_CRC_INT,,,7,7,0,RW,,W1C,Indicates the frame sent by any target has bad CRC.,,
101,Field,Reserved0,,,8,31,0,,,,Reserved,,
102,Register,AVS_INTERRUPT_MASK,0xa0,32,,,0,RW,,,Interrupt mask register. Determines which AVS_INTERRUPT bits can trigger interrupt.,,
103,Field,DISABLE_AVS_TARGET_ISSUED_INTERRUPT,,,0,0,0,RW,,,Disable notification of AVS target interrupt.,,
104,Field,DISABLE_CMD_FIFO_FULL_INT,,,1,1,0,RW,,,Disable cmd_fifo_full interrupt.,,
105,Field,DISABLE_READBACK_FIFO_FULL_INT,,,2,2,0,RW,,,Disable readback_fifo_full interrupt.,,
106,Field,DISABLE_READBACK_HAS_DATA_INT,,,3,3,0,RW,,,Disable readback_has_data interrupt.,,
107,Field,DISABLE_TARGET_UNRESPONSIVE_BAD_FRAME_INT,,,4,4,0,RW,,,Disable target_unresponsive_bad_frame interrupt.,,
108,Field,DISABLE_MAX_RETRIES_ATTEMPTED_INT,,,5,5,0,RW,,,Disable max_retries_attempted interrupt.,,
109,Field,DISABLE_CMD_FIFO_OVERFLOW_INT,,,6,6,0,RW,,,Disable cmd_fifo_overflow interrupt.,,
110,Field,DISABLE_TARGET_BAD_CRC_INT,,,7,7,0,RW,,,Disable target_bad_crc interrupt.,,
111,Field,Reserved0,,,8,31,0,,,,Reserved,,
112,Register,AVS_INTERRUPT_TEST,0xa4,32,,,0,RW,,,Interrupt test register,,
113,Field,TEST_AVS_TARGET_ISSUED_INTERRUPT,,,0,0,0,RW,,,Write 1 to force interrupt write 0 to release.,,
114,Field,TEST_CMD_FIFO_FULL_INT,,,1,1,0,RW,,,Write 1 to force interrupt write 0 to release.,,
115,Field,TEST_READBACK_FIFO_FULL_INT,,,2,2,0,RW,,,Write 1 to force interrupt write 0 to release.,,
116,Field,TEST_READBACK_HAS_DATA_INT,,,3,3,0,RW,,,Write 1 to force interrupt write 0 to release.,,
117,Field,TEST_TARGET_UNRESPONSIVE_BAD_FRAME_INT,,,4,4,0,RW,,,Write 1 to force single pulse on interrupt.,,
118,Field,TEST_MAX_RETRIES_ATTEMPTED_INT,,,5,5,0,RW,,,Write 1 to force interrupt write 0 to release.,,
119,Field,TEST_CMD_FIFO_OVERFLOW_INT,,,6,6,0,RW,,,Write 1 to force single pulse on interrupt.,,
120,Field,TEST_TARGET_BAD_CRC_INT,,,7,7,0,RW,,,Write 1 to force single pulse on interrupt.,,
121,Field,Reserved0,,,8,31,0,,,,Reserved,,
122,Register,AVS_TARGET_ISSUED_INTERRUPT_IDS,0xa8,32,,,0,RO,,RCLR,IDs of Targets that triggered an interrupt,,
123,Field,TARGET_0,,,0,0,0,RO,,RCLR,Target 0 has triggered the interrupt.,,
124,Field,TARGET_1,,,1,1,0,RO,,RCLR,Target 1 has triggered the interrupt.,,
125,Field,TARGET_2,,,2,2,0,RO,,RCLR,Target 2 has triggered the interrupt.,,
126,Field,TARGET_3,,,3,3,0,RO,,RCLR,Target 3 has triggered the interrupt.,,
127,Field,TARGET_4,,,4,4,0,RO,,RCLR,Target 4 has triggered the interrupt.,,
128,Field,TARGET_5,,,5,5,0,RO,,RCLR,Target 5 has triggered the interrupt.,,
129,Field,TARGET_6,,,6,6,0,RO,,RCLR,Target 6 has triggered the interrupt.,,
130,Field,TARGET_7,,,7,7,0,RO,,RCLR,Target 7 has triggered the interrupt.,,
131,Field,TARGET_8,,,8,8,0,RO,,RCLR,Target 8 has triggered the interrupt.,,
132,Field,TARGET_9,,,9,9,0,RO,,RCLR,Target 9 has triggered the interrupt.,,
133,Field,TARGET_10,,,10,10,0,RO,,RCLR,Target 10 has triggered the interrupt.,,
134,Field,TARGET_11,,,11,11,0,RO,,RCLR,Target 11 has triggered the interrupt.,,
135,Field,TARGET_12,,,12,12,0,RO,,RCLR,Target 12 has triggered the interrupt.,,
136,Field,TARGET_13,,,13,13,0,RO,,RCLR,Target 13 has triggered the interrupt.,,
137,Field,TARGET_14,,,14,14,0,RO,,RCLR,Target 14 has triggered the interrupt.,,
138,Field,Reserved0,,,15,31,0,,,,Reserved,,
139,Register,AVS_TARGET_UNRESPONSIVE_BAD_FRAME_INT_IDS,0xac,32,,,0,RO,,RCLR,IDs of Targets that triggered unresponsive/bad frame interrupt,,
140,Field,TARGET_0,,,0,0,0,RO,,RCLR,Target 0 has triggered the interrupt.,,
141,Field,TARGET_1,,,1,1,0,RO,,RCLR,Target 1 has triggered the interrupt.,,
142,Field,TARGET_2,,,2,2,0,RO,,RCLR,Target 2 has triggered the interrupt.,,
143,Field,TARGET_3,,,3,3,0,RO,,RCLR,Target 3 has triggered the interrupt.,,
144,Field,TARGET_4,,,4,4,0,RO,,RCLR,Target 4 has triggered the interrupt.,,
145,Field,TARGET_5,,,5,5,0,RO,,RCLR,Target 5 has triggered the interrupt.,,
146,Field,TARGET_6,,,6,6,0,RO,,RCLR,Target 6 has triggered the interrupt.,,
147,Field,TARGET_7,,,7,7,0,RO,,RCLR,Target 7 has triggered the interrupt.,,
148,Field,TARGET_8,,,8,8,0,RO,,RCLR,Target 8 has triggered the interrupt.,,
149,Field,TARGET_9,,,9,9,0,RO,,RCLR,Target 9 has triggered the interrupt.,,
150,Field,TARGET_10,,,10,10,0,RO,,RCLR,Target 10 has triggered the interrupt.,,
151,Field,TARGET_11,,,11,11,0,RO,,RCLR,Target 11 has triggered the interrupt.,,
152,Field,TARGET_12,,,12,12,0,RO,,RCLR,Target 12 has triggered the interrupt.,,
153,Field,TARGET_13,,,13,13,0,RO,,RCLR,Target 13 has triggered the interrupt.,,
154,Field,TARGET_14,,,14,14,0,RO,,RCLR,Target 14 has triggered the interrupt.,,
155,Field,Reserved0,,,15,31,0,,,,Reserved,,
156,Register,AVS_TARGET_BAD_CRC_INT_IDS,0xb0,32,,,0,RO,,RCLR,IDs of Targets that triggered bad CRC interrupt,,
157,Field,TARGET_0,,,0,0,0,RO,,RCLR,Target 0 has triggered the interrupt.,,
158,Field,TARGET_1,,,1,1,0,RO,,RCLR,Target 1 has triggered the interrupt.,,
159,Field,TARGET_2,,,2,2,0,RO,,RCLR,Target 2 has triggered the interrupt.,,
160,Field,TARGET_3,,,3,3,0,RO,,RCLR,Target 3 has triggered the interrupt.,,
161,Field,TARGET_4,,,4,4,0,RO,,RCLR,Target 4 has triggered the interrupt.,,
162,Field,TARGET_5,,,5,5,0,RO,,RCLR,Target 5 has triggered the interrupt.,,
163,Field,TARGET_6,,,6,6,0,RO,,RCLR,Target 6 has triggered the interrupt.,,
164,Field,TARGET_7,,,7,7,0,RO,,RCLR,Target 7 has triggered the interrupt.,,
165,Field,TARGET_8,,,8,8,0,RO,,RCLR,Target 8 has triggered the interrupt.,,
166,Field,TARGET_9,,,9,9,0,RO,,RCLR,Target 9 has triggered the interrupt.,,
167,Field,TARGET_10,,,10,10,0,RO,,RCLR,Target 10 has triggered the interrupt.,,
168,Field,TARGET_11,,,11,11,0,RO,,RCLR,Target 11 has triggered the interrupt.,,
169,Field,TARGET_12,,,12,12,0,RO,,RCLR,Target 12 has triggered the interrupt.,,
170,Field,TARGET_13,,,13,13,0,RO,,RCLR,Target 13 has triggered the interrupt.,,
171,Field,TARGET_14,,,14,14,0,RO,,RCLR,Target 14 has triggered the interrupt.,,
172,Field,Reserved0,,,15,31,0,,,,Reserved,,
173,Register,AVS_RETRY_CFG,0xc0,32,,,0,RW,,,AVS retry configuration register,,
174,Field,MAX_RETRIES,,,0,15,0,RW,,,Maximum number of retries for failed AVS transaction. Setting to 0 disables retries.,,
175,Field,Reserved0,,,16,31,0,,,,Reserved,,
176,Register,AVS_CLK_CFG,0xc4,32,,,2147745795,RW,,,Configuration register for avs_clk,,
177,Field,AVS_CLOCK_SELECT,,,0,1,3,RW,,,Selects which clock to use for AVS Clock.,,
178,Field,Reserved0,,,2,7,0,,,,Reserved,,
179,Field,STOP_AVS_CLOCK_ON_IDLE,,,8,8,0,RW,,,When AVS bus is idle gate the avs_clock from running.,,
180,Field,Reserved1,,,9,11,0,,,,Reserved,,
181,Field,TURN_OFF_ALL_PREMUX_CLOCKS,,,12,12,0,RW,,,Gate off all clocks entering the AVS clock mux.,,
182,Field,Reserved2,,,13,15,0,,,,Reserved,,
183,Field,CLK_DIVIDER_VALUE,,,16,23,4,RW,,,Determines the divisor value used to generate the AVS clock. Minimum value of 2.,,
184,Field,CLK_DIVIDER_DUTY_CYCLE_NUMERATOR,,,24,31,128,RW,,,Determines the desired duty cycle of the divided clock. Divided by 256.,,
185,Register,AVS_THROTTLE_CFG,0xc8,32,,,0,RW,,,Allows APB to set certain behaviors for AVS controller,,
186,Field,AVS_THROTTLE_CYCLES,,,0,7,0,RW,,,Number of cycles to wait before going idle or sending another command. 0 disables throttling.,,
187,Field,Reserved0,,,8,31,0,,,,Reserved,,
188,Register,AVS_CONFIG,0xcc,32,,,1,RW,,,AVS Configuration Register,,
189,Field,AVS_GPIO_ENABLE,,,0,0,1,RW,,,Enable AVSBus connection to GPIOs. Sets OE of GPIOs for avs_clock and avs_cdata to 1.,,
190,Field,Reserved0,,,1,31,0,,,,Reserved,,
